lakeid,basin,depth,area,volume,percentvol
TB,entire,8,0,170,0.002755558
TB,entire,7,3487,3487,0.056521352
TB,entire,6,6164,6164,0.099913281
TB,entire,5,7374,7374,0.119526368
TB,entire,4,8292,8292,0.13440638
TB,entire,3,9409,9409,0.152512015
TB,entire,2,10323,10323,0.16732719
TB,entire,1,10983,10983,0.178025238
TB,entire,0,10983,5491.5,0.089012619